Event Name,Date,City,Photo File,Link
Bitcoin Pizza Day,22 May 2025,Across India,pizza.png,https://x.com/web3carnival/status/1923393277333733789
The Signal After Dark,28 April 2025,"Dubai, UAE",web3-signal-after-dark.png,https://www.web3carnival.world/register
Founders & Funders Night,5 April 2025,"Delhi, India",founders-funders-night.png,https://lu.ma/la293z9t
Elevator Pitch Battle - Bitcoin MENA Side Event,12 December 2024,"Dubai, UAE",elevator-pitch-battle.png,https://lu.ma/u7o037il
DeGen Summit,16 September 2024,HUONE Singapore,degen-summit.png,https://lu.ma/7a1zyw5g
KOL Awards Night - DeGen Summit,16 September 2024,Singapore,kol-awards-night.png,https://lu.ma/0gj3tf66
Pitch Fest - DeGen Summit '24,16 September 2024,Singapore,pitch-fest.png,https://lu.ma/dnhnnn1d
W3WC: World Web3 Consortium,22 April 2024,"Millennium Plaza Downtown, Dubai",w3wc-consortium.png,https://lu.ma/w3wc
Book Launch at Web3 Carnival by Harman Puri,10 December 2023,"Palm Meadows, Bengaluru",book-launch.avif,https://lu.ma/kof4nm5e
Exclusive High-Tea by TimeChain Labs,9 December 2023,"Palm Meadows, Bengaluru",high-tea-timechain.avif,https://lu.ma/sredmkl8
Demo Night at Web3 Carnival - Brinc,6 December 2023,"Palm Meadows, Bengaluru",demo-night-brinc.avif,https://lu.ma/qxc9y3fg
Road to EthDenver - BukTrips Traveller Meetup,6 December 2023,"Palm Meadows, Bengaluru",buktrips-meetup.avif,https://lu.ma/Bukweb3carnival2023
Cypher Genesis Summit - at Web3 Carnival,6 December 2023,"Palm Meadows, Bengaluru",cypher-genesis-summit.avif,https://lu.ma/msd9mhri
Pvt. Gala Dinner at Web3 Carnival - TON,4 December 2023,"Palm Meadows, Bengaluru",gala-dinner-ton.avif,https://lu.ma/privatew3carnival
