Name,Role,Company,Country,Twitter,LinkedIn,Photo File
Raj Kapoor,"Founder, India Blockchain Alliance & Founder, Web3 On The Sea",India Blockchain Alliance,India,https://x.com/rajkapoor1984,https://www.linkedin.com/in/indieblock,raj-kapoor.png
Prashant Kumar,"Head of Generative AI, Growth Markets",Accenture Song,Malaysia,https://x.com/hereispk,https://www.linkedin.com/in/prashantkumar2006,prashant-kumar.jpeg
Jong-Chan Chung,Venture Manager,Blockchain Founders Group,Korea,https://twitter.com/guyukyukgu,https://www.linkedin.com/in/jongchanchung,jong-chan-chung.jpg
Femina Pulliyil Madasheri,Blockchain Consultant,,"Bangalore, India",,https://www.linkedin.com/in/femina-pm-b016b3111/,femina-pulliyil.jpeg
John Eggleston,"Serial Entrepreneur, Co-founder",Artysan Accelerator,"Tasmania, Australia",https://twitter.com/EgglestonTweets,https://www.linkedin.com/in/john-eggleston-256021231/,john-eggleston.jpeg
Vinit Sinha,"Director - Cybersecurity, Mastercard & President, ISACA",Mastercard,"Delhi, India",,https://www.linkedin.com/in/vinit-sinha-63514b68,vinit-sinha.jpeg
Hariharan Ramakrishnan,Senior Engineering Manager - Digital,Ford Credit IT,India,,https://www.linkedin.com/in/hihari/,hariharan-ramakrishnan.jpeg
Zach Marks,Founder & CEO,Jia,United States,https://twitter.com/zmarks215,https://www.linkedin.com/in/zachmarks/,zach-marks.jpeg
Satish Kumar,Founder & CEO,Simsy Ventures,UAE,,https://www.linkedin.com/in/simsykumar/,satish-kumar.jpeg
Alexander Jacobi,Crypto Project Advisor & Co-Founder,Punchword,Germany,https://twitter.com/aj_alexjacobi,https://www.linkedin.com/in/aj-alexjacobi/,alexander-jacobi.jpeg
Kanishka Agiwal,"Head - Service Lines, India & South Asia",Amazon Web Services (AWS),India,https://twitter.com/kanishkaagiwal,https://www.linkedin.com/in/kanishkaagiwal/,kanishka-agiwal.jpeg
Anıl Karaçay,Founder,Anatolian Blockchain,"Ankara, Turkey",https://twitter.com/anilchain,http://www.linkedin.com/in/anilkaracay,anil-karacay.jpg
Trish Kane,Founder & CEO,Healerverse,"Florida, USA",https://twitter.com/healerverse,https://www.linkedin.com/in/trishmkane,trish-kane.jpeg
Masayuki Tani,Founding Partner,Pro-Innovation Legal,Japan,https://twitter.com/masat_jp,https://www.linkedin.com/in/masayuki-tani-b19545151/,masayuki-tani.jpeg
Lisa JY Tan,CEO and Founder,Economics Design,Japan,https://twitter.com/lisajytan,https://www.linkedin.com/in/lisajytan/,lisa-jy-tan.png
Kunal Kumar,Blockchain Researcher,Coinbase,India,https://twitter.com/kr_kunal4,https://www.linkedin.com/in/kunal-kumar-623b1877/,kunal-kumar.jpeg
Kamlesh Nagware,Co-founder,FSV Capital,India,https://twitter.com/KNagware,https://in.linkedin.com/in/kamlesh-nagware-1456094b,kamlesh-nagware.png
Nadja Bester,"Co-founder, AdLunam | Host of The Future of NFTs",AdLunam,Dubai,https://twitter.com/NadjaBester,https://www.linkedin.com/in/nadjabester,nadja-bester.png
Ajeet Khurana,"Angel Investor; Ex-CEO, Zebpay",,"Dubai, UAE",https://x.com/ajeetk,https://www.linkedin.com/in/ajeetkhurana,ajeet-khurana.png
Maaz Memon,CEO and Founder,BhaiFinance,"New York, USA",https://twitter.com/daddymaaz,https://www.linkedin.com/in/maazmemon/,maaz-memon.png
Ken Berry,CEO,Blockchain Network Philippines,Philippines,https://twitter.com/kenberey,https://www.linkedin.com/in/kenneth-james-berey-14688699/,ken-berry.jpeg
Abhishek Bhattacharya,CEO and Co-Founder,The Impact Wave,India,https://twitter.com/abhib3012,https://www.linkedin.com/in/abhib3012/,abhishek-bhattacharya.jpeg
Evan Luthra,"Angel Investor & Entrepreneur, 2x Forbes 30 under 30",,India,https://twitter.com/EvanLuthra,https://in.linkedin.com/in/evanluthra,evan-luthra.jpeg
Vidhi Doshi,"Sr. Associate, Blockchain Founders Fund | Advisor, Stanford AI & Web3",Blockchain Founders Fund,India,https://x.com/vidhidoshi0212,https://www.linkedin.com/in/vidhi-doshi-118965134,vidhi-doshi.jpg
Teddy Pahaghia,"Founder, BLVCK Pixel | Board Member, Institute of Digital Fashion UK",BLVCK Pixel,France,https://twitter.com/mr_metaverse,https://www.linkedin.com/in/teddypahagbia/,teddy-pahaghia.jpeg
Astha Yadav,"Senior Blockchain Developer, OCBC Bank | ZK Advocate",OCBC Bank,Singapore,,https://www.linkedin.com/in/astha-yadav27,astha-yadav.jpeg
Kapil Dhiman,"Strategic Advisor & Coach | Ex - Web3 Lead, PwC",,"Mumbai, India",,https://www.linkedin.com/in/kapil-dhiman-5a68b0138,kapil-dhiman.jpeg
Viivek Mehata,Fund Manager,Leo Ventures,India,https://twitter.com/mehtaandmore,https://www.linkedin.com/in/viivek-mehata16,viivek-mehata.jpeg
Ritam Gupta,Partner,NonceBlox & NonceVC,"Dubai, UAE",https://twitter.com/ritamg123,https://www.linkedin.com/in/ritamgupta/,ritam-gupta.jpeg
Anuradha Chowdhary,Founder & CEO,ZeroTo3 Collective,India,https://twitter.com/Anuradha_RC,http://linkedin.com/in/anuradha-chowdhary-2bb28795,anuradha-chowdhary.jpeg
Shishir Gupta,Managing Director,Sorted Wallet,Hong Kong,https://twitter.com/KuchBhiGupta,https://www.linkedin.com/in/shishrgupta/,shishir-gupta.jpeg
Parth Chadha,Founder & CEO,STAN,India,https://x.com/theparthchadha,https://www.linkedin.com/in/parth-chadha,parth-chadha.png
Shantnoo Saxsena,Founder,Encryptus Europe,UAE,https://twitter.com/Shantnoo6,https://www.linkedin.com/in/shantnu-saxena/,shantnoo-saxsena.png
Jason Fernandes,Co-Founder AdLunam | Blockchain & Crypto Advisor | Karmaveer Chakra Awardee (U.N),AdLunam,India,https://twitter.com/AdLunamInc,https://www.linkedin.com/in/thejasonfernandes/,jason-fernandes.png
Varun Singhi,Co-Founder and Strategy Head,PropFTX,India,https://twitter.com/VarunSinghi,https://www.linkedin.com/in/singhi/,varun-singhi.jpg
Ligia Paraiso,Founder and CEO,WeDeserve Freedom,"Paris, France",https://twitter.com/Ligiaspfc,https://www.linkedin.com/in/ligia-paraiso/,ligia-paraiso.jpg
Anish Mohammed,"Co-Founder, CTO & Chief Scientist",Panther Protocol,Dubai,https://twitter.com/anishmohammed,https://www.linkedin.com/in/anishmohammed/,anish-mohammed.jpg
Divya Prashanth,"CEO and Co-Founder, HQNFTS | Solana Superteam UK | Nasdaq Contributor",HQNFTS,London,,https://uk.linkedin.com/in/divya-b4427912a,divya-prashanth.jpg
Mudit Marda,Co-Founder and CTO,DRIFE,India,,https://in.linkedin.com/in/muditmarda,mudit-marda.png
Preetam Rao,CEO and Co-Founder,QuillAudits,India,https://twitter.com/raopreetam_,https://www.linkedin.com/in/raopreetam,preetam-rao.jpeg
Arvin Khamseh,Founder,SoldOut NFTs,Dubai,https://twitter.com/ArvinkNft,https://www.linkedin.com/in/arvinkhamseh/,arvin-khamseh.jpeg
Abhishek Singh,Founding Member,Voice of Crypto,"London, UK",https://twitter.com/rbkasr,https://www.linkedin.com/in/abhisheksinghrajpurohit/,abhishek-singh.jpeg
Varuni Trivedi,Editor in Chief,Voice of Crypto,"Mumbai, India",https://twitter.com/varuni_trivedi,https://www.linkedin.com/in/varuni-trivedi-316663149/,varuni-trivedi.jpeg
Yax Sheth,CEO,ChainClave,Dubai,https://twitter.com/Yax22,https://www.linkedin.com/in/yax22/,yax-sheth.png
Vinod Kumar,Founder,Cypher Blockchain,India,https://twitter.com/answervinod,https://linkedin.com/in/answervinod,vinod-kumar.jpg
Naman Kabra,Head of Business Development and Growth,Metasky,India,https://twitter.com/307naman,https://www.linkedin.com/in/namankabra/,naman-kabra.jpeg
Alankar Saxena,CTO & Co-founder,Mudrex,India,https://twitter.com/alankar_saxena,https://in.linkedin.com/in/saxenaalankar,alankar-saxena.png
Punit Agarwal,Founder and CEO,KoinX,India,https://twitter.com/a__punit,https://www.linkedin.com/in/iampunit/,punit-agarwal.jpeg
Romil Verma,CEO,Outdefine,San Francisco,https://twitter.com/romilvrma,https://www.linkedin.com/in/vermaromil/,romil-verma.jpeg
Nanda Khiara,"Artist, writer, storyteller, speaker & founder",GALLERY NK,UK,https://twitter.com/NandaKhiara,https://www.linkedin.com/in/nanda-khiara-4941786/,nanda-khiara.jpeg
Parika Soni,Web3 Startup Advisor,,Singapore,https://twitter.com/parikaa_sonii,https://www.linkedin.com/in/Parika-soni,parika-soni.jpeg
Karan Keswani,CEO,BharatBox,India,https://twitter.com/Karanverse,https://www.linkedin.com/in/karan-keswani-87b13548,karan-keswani.jpeg
Vijay Pravin,Founder and CEO,bitsCrunch,Germany,https://twitter.com/VijayPravinM,https://www.linkedin.com/in/vijaypravin/,vijay-pravin.jpeg
Arnaud Wenger,General Counsel,Sakura Linkage International,Singapore,,https://www.linkedin.com/in/arnaud-wenger-104ab83b/,arnaud-wenger.png
Amirsan Roberto,Co-founder & Managing Partner,Sinofy,Singapore,,https://www.linkedin.com/in/amirsanroberto/,amirsan-roberto.png
Aditya Mehrotra,Founder and Chief Strategist,Verseatile,India,https://twitter.com/adi_verseatile,https://www.linkedin.com/in/aditya-mehrotra20,aditya-mehrotra.jpeg
Anisha Patnaik,Founder,LexStart Partners & The Chain Project,India,https://twitter.com/AnishaPatnaik,https://www.linkedin.com/in/anishapatnaik/,anisha-patnaik.jpeg
Popoola Kayode Joseph,Secret Network Africa Lead,Secret Foundation,Nigeria,https://www.twitter.com/thepopeblack,https://www.linkedin.com/in/thepopeblack/,popoola-kayode.png
Shruti Kohli,Sr. BD Manager (Global Partnerships),Bitrue,India,https://twitter.com/ShrutiK57785716,https://www.linkedin.com/in/shruti-kohli-35377b52/,shruti-kohli.jpeg
Jeffrey Broer,Founder Mulana IM & Advisor,Graviton,Hong Kong,https://x.com/jebbery/,https://www.linkedin.com/in/jeffreybroer,jeffrey-broer.jpeg
Angad B Sodhi,"Director of Media, NFTs, Tech & Culture",India Blockchain Alliance,India,https://twitter.com/angadbsodhi,https://www.linkedin.com/in/angadbsodhi,angad-b-sodhi.jpeg
Sourabh Kumar,Chief Executive Officer,World Crypto Council OÜ,Estonia,,https://www.linkedin.com/in/sourabhkumar0303/,sourabh-kumar.jpeg
Manbir Singh,Developer Community Manager,Metamask,India,,,manbir-singh.jpeg
Dr. Ritesh Jain,Founder & Board Advisor | Fintechs | Emerging Tech | Payments | G20 GPFI,Infynit,"London, UK",https://twitter.com/ritesh5182,https://www.linkedin.com/in/drriteshjain,ritesh-jain.jpeg
Parth Chaturvedi,Investments Lead | ex-FalconX & Onyx by J.P. Morgan,CoinSwitch Ventures,India,https://twitter.com/Parth4vedi,https://www.linkedin.com/in/parth-chaturvedi-a672165a/,parth-chaturvedi.jpeg
Zenobia Godschalk,SVP of Communications,Swirlds,"Atlanta, USA",https://twitter.com/zenobiazag,https://www.linkedin.com/in/zenobiaaustingodschalk/,zenobia-godschalk.jpeg
Arul Prakash,Co Founder,BukTrips,"SF, Bay Area",https://x.com/Prak_ap,https://linkedin.com/in/arulprakash,arul-prakash.jpeg
Karan Ambwani,India & MENA Lead,dYdX Foundation,India,https://twitter.com/0xkarana,https://www.linkedin.com/in/karan-ambwani/,karan-ambwani.jpeg
Prasanna Lohar,CEO Block Stack | Founder India Blockchain Forum | Bank and Fintech Advisor,Block Stack,India,https://twitter.com/loharprasanna,https://www.linkedin.com/in/prasannalohar,prasanna-lohar.jpeg
